sha256,threat_level,md5,sha1,family,size,type,domains,processes,files
27be73b27ee43d271adc8fd0741b6954adc6fd6d43620e00edc3cdb91a570cdc,1,05ae4acf8062ac686051d27e5a661863,2a47ac13d962bfe2bc5f698cc495fceb79353d35,,626688,EXE,,c747.tmp,c747.tmp
c9accfc527c0cda058d0dc71f4562f4bf8d391b583b691da70c0ca83b955b06d,2,758080fe214b2926a1977dcf1c8894ef,52c5263fdcc370ad3521420dcc1f3ce9a1c0f938,,684032,EXE,officeclient.microsoft.com|nexus.officeapps.live.com,c3fb.tmp|winword.exe|taskhost.exe,5d69db9a-e1ed-45d6-81f3-9b4481c1330a|{db87a666-c29f-423a-8ebc-b71a095fceb8} (0) - 1696 - winword.exe - otelemediumcost.dat|~df6f2417f9eeea9901.tmp|{db87a666-c29f-423a-8ebc-b71a095fceb8} (1) - 1696 - winword.exe - otelemediumcost.dat|~$ckoo-c9accfc527c0cda058d0dc71f4562f4bf8d391b583b691da70c0ca83b955b06d.docx|{db87a666-c29f-423a-8ebc-b71a095fceb8} (0) - 1696 - winword.exe - otele.dat|{db87a666-c29f-423a-8ebc-b71a095fceb8} - oprocsessid.dat|~dfecc7593a17f48420.tmp|~wrs{26522c83-6e11-45f2-8fef-5158c763b789}.tmp|c3fb.tmp|{db87a666-c29f-423a-8ebc-b71a095fceb8} (1) - 1696 - winword.exe - otele.dat|~dfc86a9f6e49109e27.tmp
405326425494348c955dae17c97df98bdbd13d34f7a761a8fdd5b825e25b4030,1,0121882194975fd37f9a4b58504814e8,8acd95db7d507d67ef713aef451570071a069037,,3832444,EXE,pastebin.com|ocsp.digicert.com|1fichier.com,irsetup.exe,dat.dat|irwf9d4.tmp|irsetup.dat|irwcad1.tmp|irsetup.exe|6bada8974a10c4bd62cc921d13e43b18_78d977680f0a854594ceee125bc2e56e|lua5.1.dll|irimg2.jpg|6bada8974a10c4bd62cc921d13e43b18_78d977680f0a854594ceee125bc2e56e|irimg1.jpg
eba0f7180f2b48b69683eeb580c9bfa5c49bf72617197ce25063c761d53f41c6,1,545cb57e9ea07f797476d38d1e35eff9,c9c31bcfa803b064ddf23821361dbdf4821680fa,,15360,EXE,2no.co|jom.diregame.live|leselesp.info|moonlabmediacompany.com|ww.hackacademy.me|privacytools.xyz|cdn.discordapp.com,,
8acee6024a0096c474da204e04f308cd70aa143ef20cc7a731f0b58f382b51bc,0,9ebd801ac27389a98d694aadf1c0fe2b,ca62d14514df9418ed30de5d65fab7efc027de2d,,67584,EXE,,wermgr.exe|rundll32.exe|rundll32.exe,
b5a2c11f138d078f0bb72b7e0e92abffa776753adaa4a205c5d3a8f28b107040,2,fb24dc78180b104312d0073b2ae586c3,1106a4aab7666f388096b07c4fb8183de898d5b5,,105386,EXE,,mobsync.exe,
551ef5c263eaf246454dee4e4f76e8bf2546360261f39fec838b22d6b743553c,1,0e7844c503465165ea4bd2ecf24b4c07,524034292d0a243237325f5afdeaf9c96bcefcb5,,1856000,EXE,,c5ef.tmp,c5ef.tmp
dc51c29d63fd8c09785560f64902d0a1956090ac2caa7e86eb2825052f926128,1,745cc6f053cbc0e1e6aa26831b612a35,08796ac1317ec7f82dea8cd7d91fb1318a637b7c,,212992,EXE,,cmd.exe|nnu.exe|werfault.exe|cmd.exe|werfault.exe|hlv.exe|cmd.exe|werfault.exe|oroz.exe|cmd.exe|werfault.exe|muz.exe|cmd.exe|werfault.exe|tatee.exe|cmd.exe|werfault.exe|xfsayzu.exe|cmd.exe|werfault.exe|vqjfda.exe|cmd.exe|werfault.exe|becsru.exe|cmd.exe|werfault.exe|qzamgue.exe|cmd.exe|werfault.exe|episrl.exe|cmd.exe|werfault.exe|gysndep.exe|cmd.exe|werfault.exe|oga.exe|cmd.exe|werfault.exe|quggqhk.exe|cmd.exe|werfault.exe|nnxlvih.exe|cmd.exe|werfault.exe|jkw.exe|cmd.exe|werfault.exe|siq.exe|cmd.exe|werfault.exe|trmahy.exe|cmd.exe|werfault.exe|ohhfg.exe|cmd.exe|werfault.exe|pfchs.exe|cmd.exe|werfault.exe|aqb.exe|cmd.exe|werfault.exe|qrwnvp.exe|cmd.exe|werfault.exe|yubpomg.exe|cmd.exe|werfault.exe|zsnqzhp.exe|cmd.exe|werfault.exe|ynfbjtq.exe|cmd.exe|werfault.exe|hlacuwi.exe|cmd.exe|werfault.exe|hoefmt.exe|cmd.exe|werfault.exe|vfmlp.exe|cmd.exe|werfault.exe|wssbmj.exe|cmd.exe|werfault.exe|xqe.exe|cmd.exe|werfault.exe|uggbkh.exe|cmd.exe|werfault.exe|zbyitre.exe|cmd.exe|werfault.exe|izsrfvn.exe|cmd.exe|werfault.exe|pfmf.exe|cmd.exe|werfault.exe|mqdc.exe|cmd.exe|werfault.exe|qwcgs.exe|cmd.exe|werfault.exe|aoyxnn.exe|cmd.exe|werfault.exe|wfaw.exe|cmd.exe|werfault.exe|kvi.exe|cmd.exe|werfault.exe|vomcxu.exe|cmd.exe|werfault.exe|ubsnlqs.exe|cmd.exe|werfault.exe|jpybbv.exe|taskhost.exe|cmd.exe|werfault.exe|kyol.exe|cmd.exe|werfault.exe|vbgfesx.exe|cmd.exe|werfault.exe|ezagpog.exe|cmd.exe|werfault.exe|zez.exe|cmd.exe|werfault.exe|mcndplt.exe|cmd.exe|werfault.exe|evjvd.exe|cmd.exe|werfault.exe|hle.exe|cmd.exe|werfault.exe|zeaj.exe|cmd.exe|werfault.exe|cxrsol.exe|cmd.exe|werfault.exe|lvxuj.exe|cmd.exe|werfault.exe|jgpqv.exe|cmd.exe|werfault.exe|hyyn.exe|cmd.exe|werfault.exe|zrcnvzi.exe|cmd.exe|werfault.exe|qmnxe.exe|cmd.exe|werfault.exe|qvonsn.exe|cmd.exe|werfault.exe|jiz.exe|cmd.exe|werfault.exe|qwsy.exe|cmd.exe|werfault.exe|vhlcn.exe|cmd.exe|werfault.exe|jxsi.exe|cmd.exe|werfault.exe|vapoh.exe|cmd.exe|werfault.exe|ivpvrtf.exe|cmd.exe|werfault.exe|pjvjhy.exe|cmd.exe|werfault.exe|wpo.exe|cmd.exe|werfault.exe|wszpfd.exe|cmd.exe|werfault.exe|diomy.exe|cmd.exe|werfault.exe|ptlrq.exe|cmd.exe|werfault.exe|euvk.exe|cmd.exe|werfault.exe|yawu.exe|cmd.exe|werfault.exe|xarhi.exe|cmd.exe|werfault.exe|odjr.exe|cmd.exe|werfault.exe|ohg.exe|cmd.exe|werfault.exe|cxwanbn.exe|cmd.exe|werfault.exe|znwkeu.exe|cmd.exe|werfault.exe|qnedl.exe|cmd.exe|werfault.exe|nwa.exe|cmd.exe|werfault.exe|rrhldd.exe|cmd.exe|werfault.exe|pcyihep.exe|cmd.exe,yubpomg.exe.bat|nnu.exe|qzamgue.exe|zez.exe|pfchs.exe.bat|qnedl.exe|ptlrq.exe.bat|ohg.exe.bat|pjvjhy.exe.bat|qrwnvp.exe.bat|tatee.exe.bat|kyol.exe|nnu.exe.bat|ptlrq.exe|qnedl.exe.bat|qwsy.exe|quggqhk.exe.bat|vqjfda.exe.bat|becsru.exe.bat|cxrsol.exe|hlv.exe|xcys.exe.bat|nnxlvih.exe.bat|odjr.exe|oga.exe|zez.exe.bat|jkw.exe|lvxuj.exe|qwcgs.exe.bat|lvxuj.exe.bat|muz.exe|vbgfesx.exe|wssbmj.exe.bat|diomy.exe|yubpomg.exe|nfmojpz.exe.bat|zbyitre.exe|zbyitre.exe.bat|vapoh.exe|nwa.exe.bat|jiz.exe|vfmlp.exe|vomcxu.exe.bat|xarhi.exe|cxwanbn.exe|jgpqv.exe.bat|gysndep.exe|htxf.exe|kdiolg.exe|pfmf.exe|ezagpog.exe|siq.exe.bat|yawu.exe|hlacuwi.exe|xqe.exe|evjvd.exe|oroz.exe.bat|quggqhk.exe|mqdc.exe|becsru.exe|wfaw.exe.bat|ivpvrtf.exe.bat|jkw.exe.bat|amyis.exe.bat|qwsy.exe.bat|zsnqzhp.exe|ohhfg.exe.bat|uggbkh.exe.bat|zeaj.exe.bat|pfmf.exe.bat|htxf.exe.bat|uggbkh.exe|aoyxnn.exe|episrl.exe.bat|zsnqzhp.exe.bat|ubsnlqs.exe|kvi.exe|xcys.exe|hlv.exe.bat|qmnxe.exe|vomcxu.exe|trmahy.exe|xfjc.exe|diomy.exe.bat|ynfbjtq.exe.bat|trmahy.exe.bat|mcndplt.exe|qwcgs.exe|jpybbv.exe|hle.exe|msyryff.exe|ohhfg.exe|hoefmt.exe|hyyn.exe|znwkeu.exe.bat|zeaj.exe|rrhldd.exe|jgpqv.exe|kyol.exe.bat|qmnxe.exe.bat|qvonsn.exe.bat|euvk.exe.bat|wfaw.exe|jiz.exe.bat|xfjc.exe.bat|mqdc.exe.bat|mcndplt.exe.bat|cxwanbn.exe.bat|pjvjhy.exe|xfsayzu.exe|ynfbjtq.exe|znwkeu.exe|hoefmt.exe.bat|ubsnlqs.exe.bat|evjvd.exe.bat|tatee.exe|msyryff.exe.bat|zrcnvzi.exe|aqb.exe.bat|jxsi.exe.bat|kdiolg.exe.bat|xfsayzu.exe.bat|wszpfd.exe|wpo.exe|wssbmj.exe|rrhldd.exe.bat|gysndep.exe.bat|wpo.exe.bat|aoyxnn.exe.bat|pcyihep.exe|siq.exe|hlacuwi.exe.bat|wszpfd.exe.bat|cxrsol.exe.bat|ohg.exe|kvi.exe.bat|zrcnvzi.exe.bat|nwa.exe|vhlcn.exe.bat|episrl.exe|qvonsn.exe|muz.exe.bat|nfmojpz.exe|hyyn.exe.bat|euvk.exe|vapoh.exe.bat|jpybbv.exe.bat|odjr.exe.bat|pcyihep.exe.bat|qrwnvp.exe|vbgfesx.exe.bat|ivpvrtf.exe|amyis.exe|aqb.exe|hle.exe.bat|vhlcn.exe|qzamgue.exe.bat|yawu.exe.bat|izsrfvn.exe.bat|vfmlp.exe.bat|xqe.exe.bat|vqjfda.exe|izsrfvn.exe|xarhi.exe.bat|pfchs.exe|oroz.exe|ezagpog.exe.bat|oga.exe.bat|jxsi.exe|nnxlvih.exe
d0bf9b327680fe66bc501d5b2cfe5c644516e0afec658203dd4577b262e43718,0,b5ec77ac4f7752a0260422e7457bfd68,62916e12d8b2ed3e6d6d86d1c67d66a2581f41cc,,1058136,EXE,,119k8.exe|343w2.exe|4gpn8.exe|8f96q.exe|9t35i.exe|o9869.exe|e5eg0.exe|716dh.exe|i08n6.exe|88z13.exe|zw7z2.exe|m68gf.exe|d3z1q.exe|k2gs0.exe|hi83c.exe|1z79r.exe|3anmz.exe|71g6h.exe|716li.exe|f4lm5.exe|4h3h8.exe|m88z7.exe|28lf8.exe|v3kve.exe|81hvh.exe|lmdq0.exe|p5h56.exe|6lt3m.exe|65jv5.exe|bzoa8.exe|0txbh.exe|40yxx.exe|3kbsy.exe|8zoa8.exe|3g7bk.exe|r1wb9.exe|1zs8u.exe|p0e76.exe|l8872.exe|qj7qr.exe|b9q2y.exe|nyi86.exe|zds8c.exe|gw205.exe|8yi2f.exe|hl250.exe|roy2g.exe|2ae9j.exe|4tu14.exe|llp7o.exe|58p3l.exe|774b3.exe|53r89.exe|taskhost.exe|0u1gi.exe|79r77.exe|rilyb.exe|6j0d7.exe|dkz2q.exe|t73w7.exe|76842.exe|ld4rd.exe|14gbe.exe|6dm5q.exe|720bb.exe|h7c59.exe|20l5o.exe|wfs6b.exe|ns408.exe|e8rjl.exe|5vp99.exe|o5y3e.exe|ov5h6.exe|56afj.exe|73q8u.exe|s90y4.exe|u5zgg.exe|ur754.exe|i348t.exe|1an3t.exe|3184e.exe|l951i.exe|8s6d4.exe|4qunl.exe|4lf69.exe|jn995.exe|bak2r.exe|714g2.exe|gm612.exe|i6891.exe|ivmug.exe|8c951.exe|zraq8.exe|aa5p5.exe,e8rjl.exe|f4lm5.exe|9t35i.exe|l8872.exe|m68gf.exe|zraq8.exe|4tu14.exe|3g7bk.exe|73q8u.exe|58p3l.exe|714g2.exe|qj7qr.exe|zds8c.exe|4hle7.exe|65jv5.exe|119k8.exe|v3kve.exe|zw7z2.exe|1zs8u.exe|1z79r.exe|i348t.exe|l951i.exe|3anmz.exe|716dh.exe|8yi2f.exe|h7c59.exe|14gbe.exe|w5321.exe|4h3h8.exe|d3z1q.exe|u5zgg.exe|4ff2g.exe|ov5h6.exe|720bb.exe|ld4rd.exe|716li.exe|3n4i5.exe|m88z7.exe|llp7o.exe|sw755.exe|e5eg0.exe|4gpn8.exe|k2gs0.exe|8c951.exe|ivmug.exe|bak2r.exe|rilyb.exe|0txbh.exe|gm612.exe|71g6h.exe|76842.exe|56afj.exe|i08n6.exe|lmdq0.exe|nn6v2.exe|ns408.exe|vm81y.exe|8s6d4.exe|0u1gi.exe|p0e76.exe|5vp99.exe|wfs6b.exe|t73w7.exe|b9q2y.exe|3184e.exe|6j0d7.exe|nyi86.exe|1an3t.exe|88z13.exe|s90y4.exe|p5h56.exe|8f96q.exe|343w2.exe|8zoa8.exe|4lf69.exe|gw205.exe|3kbsy.exe|aa5p5.exe|4qunl.exe|2ae9j.exe|roy2g.exe|6dm5q.exe|o5y3e.exe|81hvh.exe|28lf8.exe|6lt3m.exe|ur754.exe|hl250.exe|53r89.exe|iyj04.exe|dkz2q.exe|774b3.exe|bzoa8.exe|i6891.exe|jn995.exe|hi83c.exe|o9869.exe|40yxx.exe|79r77.exe|20l5o.exe|r1wb9.exe
119a5cfcc589d860c4e8d75cd1232b554729fec8d87594b5f47e76f1cee0de19,2,c3aba7d2c52afb4588900d091143e295,468051b17901aad95bd9a53a8dea467c6cf02355,,13869750,EXE,www.blackievirus.com,wermgr.exe|wscript.exe,123.exe|help2.vbs|ad[1].htm|xe2.ini
9eb5325e39e665110b715eb89b3a9b7ae3635976a272b13b254aec0e4693acd6,2,bc402b3b02e27fa7a1d126d130893750,a787aab897be7ff38381b1542212ad5416fca882,,21821201,EXE,www.blackievirus.com,wscript.exe,123.exe|help2.vbs|ad[1].htm|xe2.ini
41be7a7087b028a8deb626593b087347a62581fdb3e6e8d23e5ef15d14f58f6d,2,ca334d0540f1826d36fab8d291c99338,104514512809142674d48dd75eb23756ebfcb66d,Dridex,16013232,EXE,www.blackievirus.com,wscript.exe|taskhost.exe,41be7a7087b028a8deb626593b087347a62581fdb3e6e8d23e5ef15d14f58f6d.exe2.exe|help2.vbs|xe2.ini
05720c6ed1065a2879469c799958299e6630cf0f9826e31d735e223f6f67ce23,0,77a1648d34bdcb76d80ff7fa37735c6f,f3a0472241f2f9ec056f7a792d437352777e5e04,,67584,EXE,,rundll32.exe|rundll32.exe,
22b88fe3a84fae1c7c1fd9479abded57e78e66d88391a1ba15f4909d86c3fb56,0,423eadcaa003bf8a36676549799a104f,e717bc6fb629303be8c62b86f31d46fed29d811f,,16896,EXE,,werfault.exe,
9a924c8d7d750067d49b29ac04c048213cebe1bbaf2ba6081c8de3c4be4ff68d,0,6a8e589b69124c6759609eb1aa12ae73,9ed03e0b9c6edba3554ee978d10dfa9dcb90288e,,950688,EXE,,taskhost.exe,
f8e457256de1a463e16aba1dc977ecc50808f783781a2f1a179136cabd5f3790,2,0f3a4c5ab705baed9587a4467cee42a4,0ace7b93f1e3ae5da4f5a2071de3110287aa192c,,1495988,EXE,,explorer.exe|spoolsv.exe|svchost.exe|spoolsv.exe|at.exe|taskhost.exe|at.exe,svchost.exe|explorer.exe|cmsys.cmn|~dfb070f12bd2f450ab.tmp|~df21a7c2185cfeffbb.tmp|mrsys.exe|~df51e64e6cda011bce.tmp|~dfeaa9fb85cfb40fdf.tmp|spoolsv.exe|~df3c03e63392b021ad.tmp
545a805f6f0c54b21c231025a60da01c18ee361e35274825ca347d92f63486d4,0,7b2c2b094ce290763cb313f2ff800376,0e43a17c1542ac388543c3b3f328297d808a46af,,327294,EXE,watson.microsoft.com,rundll32.exe|werfault.exe,
620226b21d9a6b7b00363949c0b206c2fecc057242ed39a1a68a837084c4dd08,0,376e8b250703657d2266243c3557a74c,da2f360065dd26d091112bc6099d2e7123933f0f,,53672,EXE,,cmd.exe,
97928778cf2ebcde04be4a964a41e8dc90921755e38308ef2af6a328c8595a41,2,b3615e995cc3dd2e2cc19ee489c04697,81a7cc5677e70391122a3c6ef6ddee15ee92c1da,,9490575,EXE,www.blackievirus.com,wscript.exe,123.exe|help2.vbs|ad[1].htm|xe2.ini
7ca6328f1054ae183489039cc5898647de4b36366308d71baf978b4f5c5f8029,0,d28d636566f22883efde98f56e59bec3,d86d135e1528c612500674369c234e88601dc88e,,9728,EXE,,rundll32.exe,
c52f4af9b7a3b2e6fccd7d3490c5d303d70bc4ecdaede684182bf9135d8cb9c9,1,b1c53e712011afcd897a1c7932c890c3,dfbb43550cc28d8817a34e79c9e7f10ab66e0e32,,158352,EXE,www.download.windowsupdate.com|gosoftdl.mail.ru|www.microsoft.com|conserv.go.mail.ru|mrds.mail.ru,wermgr.exe|updce8b.tmp,tareaf2.tmp|f0accf77cdcbff39f6191887f6d2d357|cabd1c8.tmp|id|tar28ea.tmp|cabeaf1.tmp|tard1fa.tmp|tar1466.tmp|cabd1f9.tmp|f0accf77cdcbff39f6191887f6d2d357|cab28e9.tmp|tard1c9.tmp|cab1465.tmp|updce8b.tmp
7c2adfd301ff74e5787655f2cd07cf592bcae71d24453e7f08dc8cafcb5affe0,1,a1efc722426d8cccac864148406a9faa,87c3bb7f4ec20e53a3c263b320850a75353d2748,,1236992,EXE,,cb2f.tmp,setupexe(20210606102610844).log|cb2f.tmp
cbdc5f6e03a87e9bcb1cc3254fb9610f0f38d42778182180ce23cba6c5757013,0,dd98ead7fc5f196019b8e37298c9dccd,505c0cb918f68cc8d3c0a131ae8a4bdf1665a49b,,6145,EXE,,rundll32.exe|rundll32.exe,
196d0c035485f31d5558b3b976a6ba78d8a47971b8ed8b699a54f54ddae763e8,1,2997f57f50c9b554a8372308b0e15346,b34f07cc40024ac75778ec7f04a97cce19002d7b,,142336,EXE,wecan.hasthe.technology,taskhost.exe,rifaien2-o85k6uj2rb2vkvlk.exe|rifaien2-b2fyjcoqgta2a6dl.exe|rifaien2-nq6wlu9octvq8orj.exe|rifaien2-kjjg0levfuj8mcg8.exe
e41fb424215f8c5dca2b989853c0204d76594494885ed6305d8b78464a7e61da,2,bf3a6e130c62198c38bab873e236b2d1,5d39eb0ce684f8b9a5498137dfc18169b254682e,,19811310,EXE,www.blackievirus.com,wscript.exe,123.exe|help2.vbs|ad[1].htm|xe2.ini
7ed3976f3c18b77d440830e8c4d27dad2ffdbaebc20bb6ba6b4cec7d5eba7919,0,6a9d81134787bb410ce55475f7f893bc,943ad7a0452ba1e605727b3916b19dd252519d02,,497664,EXE,,cac2.tmp|cd62.tmp|cf17.tmp|d0fc.tmp|d253.tmp|d3bb.tmp|d522.tmp|d6a9.tmp|d83f.tmp|d9e5.tmp|db6b.tmp|dce2.tmp|de4a.tmp|dfb1.tmp|e147.tmp|e290.tmp|e3b8.tmp|e501.tmp|e658.tmp|e7c0.tmp|e917.tmp|ea6f.tmp|ebc7.tmp|ed0f.tmp|ee48.tmp|ef80.tmp|f0e7.tmp|f220.tmp|f368.tmp|f4c0.tmp|f618.tmp|f750.tmp|f8b7.tmp|f9e0.tmp|fb09.tmp|fc42.tmp|fd8a.tmp|fed2.tmp|fffb.tmp|143.tmp|27b.tmp|3b4.tmp|4ec.tmp|615.tmp|76d.tmp|8c5.tmp|9ee.tmp|b45.tmp|c8e.tmp|dd6.tmp|f2d.tmp|1095.tmp|11dd.tmp|1325.tmp|147d.tmp|15b5.tmp|170d.tmp|18d2.tmp|1a3a.tmp|1c6c.tmp|1d95.tmp|1edd.tmp|2016.tmp|214e.tmp|2296.tmp|23bf.tmp|2507.tmp|2630.tmp|2769.tmp|28a1.tmp|29da.tmp|2b02.tmp|2c5a.tmp|2d83.tmp|2eac.tmp|3004.tmp|313c.tmp|3284.tmp|33ad.tmp|34e6.tmp|361e.tmp|3747.tmp|3870.tmp|39c8.tmp|3b10.tmp|3c39.tmp|3d62.tmp|3eaa.tmp|4011.tmp|414a.tmp|42b1.tmp|43f9.tmp|4532.tmp|466a.tmp|4793.tmp|48fa.tmp|4a23.tmp|4b4c.tmp|4c65.tmp|4d8e.tmp|4ec7.tmp|500f.tmp|5167.tmp|52af.tmp|53f7.tmp|5520.tmp|5677.tmp|57ee.tmp|5927.tmp|5a5f.tmp|5be6.tmp|5d1f.tmp|5e76.tmp|5fce.tmp|60f7.tmp|622f.tmp|6368.tmp|64a0.tmp|65c9.tmp|6731.tmp|6879.tmp|6992.tmp|6af9.tmp|6cce.tmp|6df7.tmp|6f3f.tmp|70b6.tmp|720e.tmp|7366.tmp|74ae.tmp|7625.tmp|777d.tmp|78d4.tmp|7a2c.tmp|7b65.tmp|7cad.tmp|7df5.tmp|7f9b.tmp|80e3.tmp|847d.tmp|85c5.tmp|897e.tmp|taskhost.exe|8af5.tmp|8c1e.tmp|8d56.tmp|8eae.tmp|8fd7.tmp|914e.tmp|92d5.tmp|943c.tmp|9594.tmp|96bd.tmp|9814.tmp|997c.tmp|9ae3.tmp|9c2b.tmp|9da2.tmp|9edb.tmp|a032.tmp|a18a.tmp|a2d2.tmp|a42a.tmp|a572.tmp|a6da.tmp|a831.tmp|a999.tmp|aaf0.tmp|ac48.tmp|adb0.tmp|af07.tmp|b07e.tmp|b1e6.tmp|b32e.tmp|b466.tmp|b60c.tmp|b745.tmp|b89c.tmp|b9c5.tmp|bb6b.tmp|bd30.tmp|be69.tmp|bf82.tmp|c0ab.tmp|c203.tmp|c35a.tmp|c4a3.tmp|c5eb.tmp|c771.tmp|c8d9.tmp|ca5f.tmp|cba7.tmp|ccd0.tmp|ce18.tmp|cf8f.tmp|d0e7.tmp|d22f.tmp|d358.tmp|d481.tmp|d5e8.tmp|d740.tmp|d888.tmp|d9e0.tmp|db19.tmp|dc80.tmp|ddd8.tmp|df10.tmp|e058.tmp|e1b0.tmp|e308.tmp|e431.tmp|e569.tmp|e6b1.tmp|e7ea.tmp|e913.tmp|ea6a.tmp|eb93.tmp|ecbc.tmp|eec0.tmp|f027.tmp|f19e.tmp|f306.tmp|f45d.tmp|f78a.tmp|f8d2.tmp|fa59.tmp|fbef.tmp|fd37.tmp|fe60.tmp|ff89.tmp|c1.tmp|209.tmp|380.tmp|4f7.tmp|630.tmp|788.tmp|90e.tmp|a37.tmp|bfc.tmp|da2.tmp|ebb.tmp|ff4.tmp|115b.tmp|12c3.tmp|1459.tmp|15c0.tmp|1708.tmp|1841.tmp|19c7.tmp|1b10.tmp|1c58.tmp|1da0.tmp|1ec9.tmp|1ff2.tmp|213a.tmp|2263.tmp|23e9.tmp|2560.tmp|2699.tmp|27c2.tmp|28ea.tmp|2a23.tmp|2b4c.tmp|2c84.tmp|2dbd.tmp|2ef5.tmp|303d.tmp|31a5.tmp|32dd.tmp|3406.tmp|352f.tmp|3668.tmp|37b0.tmp|38f8.tmp,c4a3.tmp|df10.tmp|d3bb.tmp|422f.tmp|1095.tmp|de4a.tmp|352f.tmp|3d0f.tmp|b466.tmp|74ae.tmp|fe60.tmp|5be6.tmp|65c9.tmp|5d1f.tmp|2263.tmp|c203.tmp|b1e6.tmp|adb0.tmp|3668.tmp|9814.tmp|bd30.tmp|57ee.tmp|fb09.tmp|7b65.tmp|3fce.tmp|a572.tmp|90e.tmp|380.tmp|2769.tmp|4d8e.tmp|4fdb.tmp|38f8.tmp|e290.tmp|f9e0.tmp|5123.tmp|ea6f.tmp|1da0.tmp|997c.tmp|eb93.tmp|3b10.tmp|e569.tmp|8d56.tmp|cd62.tmp|bf82.tmp|19c7.tmp|dc80.tmp|b07e.tmp|18d2.tmp|e658.tmp|f8d2.tmp|15c0.tmp|15b5.tmp|2ef5.tmp|e7ea.tmp|d0fc.tmp|be69.tmp|4be4.tmp|f0e7.tmp|f19e.tmp|1459.tmp|213a.tmp|8fd7.tmp|6af9.tmp|5677.tmp|622f.tmp|943c.tmp|914e.tmp|27b.tmp|ef80.tmp|80e3.tmp|42b1.tmp|9c2b.tmp|3d62.tmp|2eac.tmp|c0ab.tmp|4368.tmp|2c84.tmp|1d95.tmp|d83f.tmp|6017.tmp|29da.tmp|d0e7.tmp|ce18.tmp|c771.tmp|5fce.tmp|4924.tmp|8eae.tmp|31a5.tmp|47bd.tmp|630.tmp|5520.tmp|4a7c.tmp|7366.tmp|d888.tmp|ebc7.tmp|39c8.tmp|b745.tmp|3bb7.tmp|d740.tmp|f8b7.tmp|ccd0.tmp|5bb2.tmp|f368.tmp|dce2.tmp|f45d.tmp|303d.tmp|1708.tmp|e7c0.tmp|bfc.tmp|f4c0.tmp|6992.tmp|1c58.tmp|7f9b.tmp|214e.tmp|a42a.tmp|f027.tmp|4793.tmp|a831.tmp|d358.tmp|ff4.tmp|da2.tmp|c35a.tmp|e3b8.tmp|4e74.tmp|c1.tmp|ca5f.tmp|28ea.tmp|76d.tmp|ff89.tmp|52af.tmp|4532.tmp|fbef.tmp|fa59.tmp|dd6.tmp|1841.tmp|64a0.tmp|3284.tmp|ea6a.tmp|3406.tmp|2699.tmp|a032.tmp|12c3.tmp|8c1e.tmp|f306.tmp|56d0.tmp|8af5.tmp|3004.tmp|847d.tmp|23e9.tmp|720e.tmp|d253.tmp|5167.tmp|ecbc.tmp|2507.tmp|6df7.tmp|170d.tmp|fed2.tmp|d6a9.tmp|db6b.tmp|53f7.tmp|fffb.tmp|4b4c.tmp|a18a.tmp|e1b0.tmp|6269.tmp|44cf.tmp|e913.tmp|466a.tmp|2b02.tmp|6f3f.tmp|1b10.tmp|1c6c.tmp|5927.tmp|1edd.tmp|78d4.tmp|313c.tmp|4ec7.tmp|4f7.tmp|d522.tmp|d481.tmp|c8e.tmp|3b4.tmp|cf8f.tmp|4c65.tmp|1ff2.tmp|6879.tmp|a6da.tmp|615.tmp|1ec9.tmp|e058.tmp|48fa.tmp|d5e8.tmp|d22f.tmp|ddd8.tmp|7cad.tmp|2560.tmp|5569.tmp|f2d.tmp|7df5.tmp|ac48.tmp|cf17.tmp|fd8a.tmp|f78a.tmp|3c39.tmp|a37.tmp|85c5.tmp|dfb1.tmp|7625.tmp|96bd.tmp|1325.tmp|361e.tmp|bb6b.tmp|3747.tmp|3a6f.tmp|e6b1.tmp|92d5.tmp|ee48.tmp|2296.tmp|d9e5.tmp|527b.tmp|3870.tmp|2b4c.tmp|c5eb.tmp|e308.tmp|6368.tmp|2a23.tmp|4636.tmp|143.tmp|b32e.tmp|2dbd.tmp|e501.tmp|2630.tmp|115b.tmp|2d83.tmp|11dd.tmp|897e.tmp|8c5.tmp|b45.tmp|9594.tmp|5dc6.tmp|500f.tmp|4a23.tmp|f750.tmp|e147.tmp|43f9.tmp|9da2.tmp|4d2c.tmp|414a.tmp|209.tmp|60f7.tmp|b60c.tmp|33ad.tmp|fc42.tmp|3eaa.tmp|37b0.tmp|a2d2.tmp|4011.tmp|aaf0.tmp|4ec.tmp|27c2.tmp|788.tmp|ed0f.tmp|32dd.tmp|5a5f.tmp|d9e0.tmp|40f7.tmp|c8d9.tmp|e431.tmp|e917.tmp|9edb.tmp|2c5a.tmp|b89c.tmp|eec0.tmp|af07.tmp|5e76.tmp|db19.tmp|6cce.tmp|28a1.tmp|cac2.tmp|6731.tmp|777d.tmp|f220.tmp|7a2c.tmp|b9c5.tmp|f618.tmp|147d.tmp|70b6.tmp|cba7.tmp|fd37.tmp|9ae3.tmp|23bf.tmp|ebb.tmp|a999.tmp|1a3a.tmp|34e6.tmp|9ee.tmp|2016.tmp
fb7a1b807b34a9e177b8780acc918c75dfcad63df9692d245d2c768f91588829,2,aacaa6db96a71e4aed52b55e1ca80c0a,1ceeaef3aa5e20659660f78f96c97b0f8fb15e46,Dridex,30053888,EXE,www.blackievirus.com,wscript.exe|taskhost.exe,help2.vbs|fb7a1b807b34a9e177b8780acc918c75dfcad63df9692d245d2c768f91588829.exe2.exe|xe2.ini
65c63933fa06fcc1b22c56138955f51dfea077018ac3c928781f4a2849e9a8f8,1,0408d6cfdfbc7d2ea583468f6c77fc41,4e3bb1d00631850ddff84dd0a03bd64259d4af42,,1855488,EXE,,c9a9.tmp,c9a9.tmp
c63fa0fb28dfdda76f4cee8bb9e5cc65d7774e63e847b265815ff2adfe942c70,2,a143a05598e2260d15f400a6e07ddce6,3f9b54255e224057f40cd5f6f7f26ea6284cfc26,,13123233,EXE,www.blackievirus.com,wermgr.exe|wscript.exe,123.exe|help2.vbs|ad[1].htm|xe2.ini
16e54db40fac70e6618c9ecf785d211163efe1305695d6b7dd1ca4a705e069ea,0,6301814c1a1036b0fdb0fa812eb83aea,b20d644f8566aab81f28e6400f7e6861c2b3078f,,67584,EXE,,rundll32.exe|rundll32.exe,
67628418c52be0a144aaa75d0d9fda0d7f03d68da0114dc4cfe1a9abd7f90fad,1,bcadb8723f08e139f117bdae710d84bb,ad314ea7e4c6971c3b9c85ad6ff4074a9416711f,,904704,EXE,ocsp.digicert.com|pastebin.com,taskhost.exe,6bada8974a10c4bd62cc921d13e43b18_78d977680f0a854594ceee125bc2e56e|6bada8974a10c4bd62cc921d13e43b18_78d977680f0a854594ceee125bc2e56e
f4b95cba5248d9965f6a4ae757fa73c1c0f707e7d6f7b5034dc1cd83c9aeacfc,2,b9ef0003aae25191a804f29e9c4ef9b5,51fc3f7f68f7b3f1f70e0619feb22c5f78fe807c,,105386,EXE,,1623006002_pafish.exe,pafish.log
9f4a200c8ba2c8609954ed37c9136eb86b3cf386f0ec5446bbe615a110b8cb33,0,ef98a1f75a68e3775d39cae0c6e4c769,fe7dc40fb1f211df78cdf7dacad1ab7a5625ca04,,1694412,EXE,,wermgr.exe,
c896f393f8c15e37914a216015ed3416f8d828249e18fbfda1b5c8f0cb48d7b9,1,90a750445222a621a93c0cf09e4150a5,32a174bce8792d87b6a3e3d07ea172cb79fbb1d5,,512000,EXE,,c795.tmp,c795.tmp
308cab71c25b6a2349863aece26ff5916b9ca240114d354dddf22201d33db96f,0,85a8ddba5912fe00960746ece49c65e8,8d81b1faf3483d7686670fb8d1b67acb931fbff8,AZORult,97328,EXE,,rundll32.exe|rundll32.exe,
0e3e9311c8be88c6357d3008f1c397bcbb586366058de042c1a480fb38d867bd,2,7452406fb6d844c45391ba0b76da5682,6725b3e82d66ba58dc33d9ae836a4c644ab28edf,,7364048,EXE,www.blackievirus.com,wermgr.exe|wscript.exe,123.exe|help2.vbs|ad[1].htm|xe2.ini
dac316ee24f14a99d1f6af3754fa6ca39b79f90ea7dd00dfd74011fa58191cb5,1,bcb9cdc0542d883e115b10d5e769a36a,dd032b3dfd6db0d9a23b428267a8bb74aeda4ccb,,114646,EXE,,sysqemipqao.exe|sysqemapcdz.exe|sysqemiidat.exe|sysqemstaqg.exe|sysqemqfwew.exe|sysqemdhemn.exe|sysqemyygpc.exe|sysqemkpdhy.exe|sysqemijhdp.exe|sysqemajlgz.exe|sysqemxzsga.exe|sysqemyvpgj.exe|sysqemvtogc.exe|sysqemqkqjz.exe|sysqemkfvrz.exe|sysqemingzn.exe|sysqemagufg.exe|sysqemuekab.exe|sysqemsnvaw.exe|sysqemsveni.exe|sysqemftmil.exe|sysqemcytdv.exe|sysqemxpngt.exe|sysqemxbzyh.exe|sysqempbkwg.exe|sysqemnjvet.exe|sysqemkvqrk.exe|sysqemhtxrl.exe|sysqemffteb.exe|sysqemcoenw.exe|sysqemcwnsi.exe|sysqemaiiny.exe|sysqemaxykp.exe|sysqemaikle.exe|sysqemapiid.exe|sysqemzefou.exe|sysqemusoeh.exe|sysqemxvrbt.exe|sysqemvhnwr.exe|sysqemevozt.exe|sysqemcawmm.exe|sysqemcmifa.exe|sysqemsyeaq.exe|sysqemrntfh.exe|sysqempvmfd.exe|sysqemnewnq.exe|sysqemjfobu.exe|sysqemkcetd.exe|sysqemhwaot.exe|sysqemxevmf.exe|sysqemxiiec.exe|sysqemujsry.exe|sysqemxikch.exe|sysqemuyqca.exe|sysqemugsqm.exe|sysqemunpvl.exe|sysqemrhlib.exe|sysqempthvs.exe|sysqempetoo.exe|sysqemjzydg.exe|sysqemhiqmc.exe|sysqemfnpzm.exe|sysqemczluc.exe|sysqemzwsud.exe|sysqemriems.exe|sysqemrlrfg.exe|sysqemofmse.exe|sysqempjzkt.exe|sysqemmhgsm.exe|sysqemmhhyx.exe|sysqemjeoyy.exe|sysqemjisqn.exe|sysqemgcodd.exe|sysqemhymem.exe|sysqemewten.exe|sysqemznmhc.exe|sysqemwwxpx.exe|sysqemoztrz.exe|sysqemjnbhm.exe|sysqemzjlvk.exe|sysqemuxble.exe|sysqemmlbva.exe|sysqemubxby.exe|sysqemmpplu.exe|sysqemtykmv.exe|sysqemomacq.exe|sysqemgpomr.exe|sysqembgihh.exe|sysqemtuiad.exe|sysqemjkcnv.exe|sysqemebwqs.exe|sysqemwbznr.exe|sysqemrpqde.exe|sysqemdytqo.exe|sysqemwriwa.exe|sysqemriczx.exe|sysqemergrl.exe|sysqemwrrxk.exe|sysqemojgve.exe|sysqemtpbac.exe|taskhost.exe|sysqemorhdu.exe|sysqemvzbev.exe|sysqemokqbo.exe|sysqemggpml.exe|sysqemtpthn.exe|sysqemnhnkc.exe|sysqemgzbhw.exe|sysqemyrefv.exe|sysqemqrpcu.exe|sysqemlijfr.exe|sysqemdejyf.exe|sysqemywltc.exe|sysqemopjty.exe|sysqemigcwv.exe|sysqemyaawq.exe|sysqemqdwhs.exe|sysqemlnckb.exe|sysqemjzxxs.exe|sysqemyikxa.exe|sysqemakinz.exe|sysqemyphik.exe|sysqemssmqk.exe|sysqemipvei.exe|sysqemfxoed.exe|sysqemxxrbu.exe|sysqemyxspg.exe|sysqemvvzph.exe|sysqemqjpfb.exe|sysqemkduut.exe|sysqemkphni.exe|sysqemimgaa.exe|sysqemggcvr.exe|sysqemddivs.exe|sysqemaqeii.exe|sysqemabqbw.exe|sysqemyyywh.exe|sysqemynnbg.exe|sysqemxclhx.exe|sysqemsxqpp.exe|sysqemvatmc.exe|sysqemsidux.exe|sysqemhgkuq.exe|sysqemijxnf.exe|sysqemivjfb.exe|sysqemigvyp.exe|sysqemcbaoh.exe|sysqemaghja.exe|sysqemvbmrs.exe|sysqemvboee.exe|sysqemscgji.exe|sysqemsnkjw.exe|sysqemsrwck.exe|sysqemplspj.exe|sysqemkcusy.exe|sysqemfxanj.exe|sysqemffbsv.exe|sysqemcvitw.exe|sysqemaapoh.exe|sysqemszslg.exe|sysqemkwswc.exe|sysqemfqxmu.exe|sysqemnkvmp.exe|sysqemnkfkd.exe|sysqemktpkq.exe|sysqemhflfg.exe|sysqemablqc.exe|sysqemstwnb.exe|sysqemehovb.exe|sysqemzmxlw.exe|sysqemxdpmj.exe|sysqemuplhh.exe|sysqemsyvhv.exe|sysqempzfuz.exe|sysqemkmwkl.exe|sysqemhyrfj.exe|sysqemcmivw.exe|sysqemxhndw.exe|sysqemphyav.exe|sysqemhdqtj.exe|sysqemcfvwa.exe|sysqemxaama.exe|sysqemknqbn.exe|sysqemhpjhr.exe|sysqemkoaza.exe|sysqemkvqxs.exe|sysqemkgcxg.exe|sysqemhtykw.exe|sysqemeqfkx.exe,sysqemvvzph.exe|sysqemggpml.exe|sysqemtykmv.exe|sysqemhpjhr.exe|sysqemxbzyh.exe|sysqemuplhh.exe|sysqemhihtn.exe|sysqemyxspg.exe|sysqemdejyf.exe|sysqemsidux.exe|sysqemssmqk.exe|sysqempetoo.exe|sysqemcozgn.exe|sysqemaxykp.exe|sysqemhgkuq.exe|sysqemplspj.exe|sysqemokqbo.exe|sysqemcytdv.exe|sysqemevozt.exe|sysqemagufg.exe|sysqemhflfg.exe|sysqemyvpgj.exe|sysqemlnckb.exe|sysqemoztrz.exe|sysqemcmivw.exe|sysqemyygpc.exe|sysqemffbsv.exe|sysqemvtogc.exe|sysqemnkvmp.exe|sysqemivjfb.exe|sysqemdhemn.exe|sysqemqjpfb.exe|sysqemehovb.exe|sysqemewten.exe|sysqemqrpcu.exe|sysqemyphik.exe|sysqemimgaa.exe|sysqemmlbva.exe|sysqemyrefv.exe|sysqemyaawq.exe|sysqemipvei.exe|sysqempvmfd.exe|sysqemsyvhv.exe|sysqemzwsud.exe|sysqembzpsl.exe|sysqemffteb.exe|sysqemujsry.exe|sysqamqqvaqqd.exe|sysqemcbaoh.exe|sysqemkoaza.exe|sysqemkpdhy.exe|sysqemqdwhs.exe|sysqemjzxxs.exe|sysqemrfefk.exe|sysqemktpkq.exe|sysqemwnamh.exe|sysqemergrl.exe|sysqemojgve.exe|sysqemstaqg.exe|sysqemczluc.exe|sysqemzefou.exe|sysqemrntfh.exe|sysqemddivs.exe|sysqemvatmc.exe|sysqemerrba.exe|sysqemlijfr.exe|sysqemubxby.exe|sysqemkfvrz.exe|sysqemjzydg.exe|sysqemsrwck.exe|sysqemmhhyx.exe|sysqemhiqmc.exe|sysqemtpthn.exe|sysqemhymem.exe|sysqemaghja.exe|sysqemfxoed.exe|sysqempjzkt.exe|sysqemwjous.exe|sysqemrlrfg.exe|sysqemingzn.exe|sysqemrtsnv.exe|sysqemcfvwa.exe|sysqemkvqrk.exe|sysqemijhdp.exe|sysqemzmhmz.exe|sysqemiidat.exe|sysqemablqc.exe|sysqemxvrbt.exe|sysqemuxble.exe|sysqemcoenw.exe|sysqemrifuh.exe|sysqemfnpzm.exe|sysqemtuiad.exe|sysqemunpvl.exe|sysqemyikxa.exe|sysqempzfuz.exe|sysqemkcetd.exe|sysqemugsqm.exe|sysqemopjty.exe|sysqemszslg.exe|sysqemusoeh.exe|sysqemvzbev.exe|sysqemnhnkc.exe|sysqemjkcnv.exe|sysqemijxnf.exe|sysqemxaama.exe|sysqemebwqs.exe|sysqemznmhc.exe|sysqemxzsga.exe|sysqemgcodd.exe|sysqemuekab.exe|sysqemriems.exe|sysqemqkqjz.exe|sysqemftmil.exe|sysqemkcusy.exe|sysqemknqbn.exe|sysqemvhnwr.exe|sysqemvboee.exe|sysqemgzbhw.exe|sysqempbkwg.exe|sysqemkmwkl.exe|sysqemcawmm.exe|sysqemcoybb.exe|sysqemnjvet.exe|sysqemqfwew.exe|sysqemapiid.exe|sysqemsxqpp.exe|sysqemjeoyy.exe|sysqemzavtd.exe|sysqemajlgz.exe|sysqemomacq.exe|sysqemgpomr.exe|sysqemrhlib.exe|sysqemxdpmj.exe|sysqemuyqca.exe|sysqemeqfkx.exe|sysqemxevmf.exe|sysqemkwswc.exe|sysqemxiiec.exe|sysqemxclhx.exe|sysqemigcwv.exe|sysqemxxrbu.exe|sysqemsveni.exe|sysqemggcvr.exe|sysqemorhdu.exe|sysqemjisqn.exe|sysqemvbmrs.exe|sysqemjfobu.exe|sysqemywltc.exe|sysqemwrrxk.exe|sysqemsnkjw.exe|sysqemzmxlw.exe|sysqemofmse.exe|sysqemabqbw.exe|sysqemhwaot.exe|sysqemwwxpx.exe|sysqemscgji.exe|sysqemaiiny.exe|sysqemaqeii.exe|sysqemkphni.exe|sysqemwbznr.exe|sysqemxikch.exe|sysqemmpplu.exe|sysqemcvitw.exe|sysqemkduut.exe|sysqemxpngt.exe|sysqemhtxrl.exe|sysqemynnbg.exe|sysqemigvyp.exe|sysqemwriwa.exe|sysqemdytqo.exe|sysqemkvqxs.exe|sysqemtpbac.exe|sysqemakinz.exe|sysqemstwnb.exe|sysqemhtykw.exe|sysqemyyywh.exe|sysqemxhndw.exe|sysqemphyav.exe|sysqemhdqtj.exe|sysqemzjlvk.exe|sysqemcwnsi.exe|sysqemjnbhm.exe|sysqemapcdz.exe|sysqempthvs.exe|sysqemfqxmu.exe|sysqemoraai.exe|sysqemrpqde.exe|sysqemaikle.exe|sysqemcmifa.exe|sysqemmhgsm.exe|sysqemaapoh.exe|sysqemfxanj.exe|sysqemsyeaq.exe|sysqemnewnq.exe|qpath.ini|sysqemriczx.exe|sysqemipqao.exe|sysqemsnvaw.exe|sysqembgihh.exe|sysqemhyrfj.exe|sysqemkgcxg.exe|sysqemnkfkd.exe
6b97b4776e30653554220ea92c2d9af4969d1a770184b3af56b7e300efdaa9c0,1,2d9c05e164f6faa502135389587f1abd,68a04927232d1c80efbde9d956fbdcf2cdb6a918,,491616,EXE,remote-config.gog.com,galaxyinstaller.exe|taskhost.exe,galaxywebinstaller.resources.dll|payload.base64|galaxywebinstaller.resources.dll|installerbootstrapper.log|icon.png|galaxywebinstaller.resources.dll|galaxywebinstaller.resources.dll|galaxywebinstaller.resources.dll|galaxywebinstaller.resources.dll|galaxywebinstaller.resources.dll|statecache.lock|galaxywebinstaller.resources.dll|galaxywebinstaller.resources.dll|galaxywebinstaller.resources.dll|icon.ico|galaxyinstaller.exe|galaxywebinstaller.resources.dll|galaxyinstaller.exe.config|galaxywebinstaller.resources.dll
536f87f4c3c0da877b08b1e94b6a70fb7e25300dc516d4b0fa557dbaa15e7fde,2,94cb775c9a7f37948c728180f3a2aa66,720b54bcb6e705f4bf0f27f5596691a93f5b5e5f,,24576,EXE,,wermgr.exe|aspnet_compiler.exe|aspnet_compiler.exe|client.exe|aspnet_compiler.exe|aspnet_compiler.exe|taskhost.exe|schtasks.exe,marclgzb.txt
4bef5b7e06678f7c90e9f0687024c8d0e2f45fe062e7444ec2797049de67aa3b,0,dc12579c59ab8b5a6f56bfe40a9219c0,877b8a5b8a9b2e86c35918a64f3c060d22a7c7bc,,17920,EXE,,lsassmgr.exe|lsassmgr.exe|lsassmgr.exe|lsassmgr.exe|lsassmgr.exe|lsassmgr.exe|lsassmgr.exe|lsassmgr.exe|lsassmgr.exe|lsassmgr.exe|lsassmgr.exe|lsassmgr.exe|lsassmgr.exe|lsassmgr.exe|lsassmgr.exe|lsassmgr.exe|lsassmgr.exe|lsassmgr.exe|lsassmgr.exe|lsassmgr.exe|lsassmgr.exe|lsassmgr.exe|lsassmgr.exe|lsassmgr.exe|lsassmgr.exe|lsassmgr.exe|lsassmgr.exe|lsassmgr.exe|lsassmgr.exe|lsassmgr.exe|lsassmgr.exe|lsassmgr.exe|lsassmgr.exe|lsassmgr.exe|lsassmgr.exe|lsassmgr.exe|lsassmgr.exe|lsassmgr.exe|lsassmgr.exe|lsassmgr.exe|lsassmgr.exe|lsassmgr.exe|lsassmgr.exe|lsassmgr.exe|lsassmgr.exe|lsassmgr.exe|lsassmgr.exe|lsassmgr.exe|lsassmgr.exe|lsassmgr.exe|lsassmgr.exe|lsassmgr.exe|lsassmgr.exe|lsassmgr.exe|lsassmgr.exe|lsassmgr.exe|lsassmgr.exe|lsassmgr.exe|lsassmgr.exe|lsassmgr.exe|lsassmgr.exe|lsassmgr.exe|lsassmgr.exe|lsassmgr.exe|lsassmgr.exe|lsassmgr.exe|lsassmgr.exe|lsassmgr.exe|lsassmgr.exe|lsassmgr.exe|lsassmgr.exe|lsassmgr.exe|lsassmgr.exe|lsassmgr.exe|lsassmgr.exe|lsassmgr.exe|lsassmgr.exe|lsassmgr.exe|lsassmgr.exe|lsassmgr.exe|lsassmgr.exe|lsassmgr.exe|lsassmgr.exe|lsassmgr.exe|lsassmgr.exe|lsassmgr.exe|lsassmgr.exe|lsassmgr.exe|lsassmgr.exe|lsassmgr.exe|lsassmgr.exe|lsassmgr.exe|lsassmgr.exe|lsassmgr.exe|lsassmgr.exe|lsassmgr.exe|lsassmgr.exe|lsassmgr.exe|lsassmgr.exe|lsassmgr.exe|lsassmgr.exe|lsassmgr.exe|lsassmgr.exe|lsassmgr.exe|lsassmgr.exe|lsassmgr.exe|lsassmgr.exe|lsassmgr.exe|lsassmgr.exe|lsassmgr.exe|lsassmgr.exe|lsassmgr.exe|lsassmgr.exe|lsassmgr.exe|lsassmgr.exe|lsassmgr.exe|lsassmgr.exe|lsassmgr.exe|lsassmgr.exe|lsassmgr.exe|lsassmgr.exe|lsassmgr.exe|lsassmgr.exe|lsassmgr.exe|lsassmgr.exe|lsassmgr.exe|lsassmgr.exe|lsassmgr.exe|lsassmgr.exe|lsassmgr.exe|lsassmgr.exe|lsassmgr.exe|lsassmgr.exe|lsassmgr.exe|lsassmgr.exe|lsassmgr.exe|lsassmgr.exe|lsassmgr.exe|lsassmgr.exe|lsassmgr.exe|lsassmgr.exe|lsassmgr.exe|lsassmgr.exe|lsassmgr.exe|lsassmgr.exe|lsassmgr.exe|lsassmgr.exe|lsassmgr.exe|lsassmgr.exe|lsassmgr.exe|lsassmgr.exe|lsassmgr.exe|lsassmgr.exe|lsassmgr.exe|lsassmgr.exe|lsassmgr.exe|taskhost.exe|lsassmgr.exe|lsassmgr.exe|lsassmgr.exe|lsassmgr.exe|lsassmgr.exe|lsassmgr.exe|lsassmgr.exe|lsassmgr.exe|lsassmgr.exe|lsassmgr.exe|lsassmgr.exe|lsassmgr.exe|lsassmgr.exe|lsassmgr.exe|lsassmgr.exe|lsassmgr.exe|lsassmgr.exe|lsassmgr.exe|lsassmgr.exe|lsassmgr.exe|lsassmgr.exe|lsassmgr.exe|lsassmgr.exe|lsassmgr.exe|lsassmgr.exe|lsassmgr.exe|lsassmgr.exe|lsassmgr.exe|lsassmgr.exe|lsassmgr.exe|lsassmgr.exe|lsassmgr.exe|lsassmgr.exe|lsassmgr.exe|lsassmgr.exe|lsassmgr.exe|lsassmgr.exe|lsassmgr.exe|lsassmgr.exe|lsassmgr.exe|lsassmgr.exe|lsassmgr.exe|lsassmgr.exe|lsassmgr.exe|lsassmgr.exe|lsassmgr.exe|lsassmgr.exe|lsassmgr.exe|lsassmgr.exe|lsassmgr.exe|lsassmgr.exe|lsassmgr.exe|lsassmgr.exe|lsassmgr.exe|lsassmgr.exe|lsassmgr.exe|lsassmgr.exe|lsassmgr.exe|lsassmgr.exe|lsassmgr.exe|lsassmgr.exe|lsassmgr.exe|lsassmgr.exe|lsassmgr.exe|lsassmgr.exe|lsassmgr.exe|lsassmgr.exe|lsassmgr.exe|lsassmgr.exe|lsassmgr.exe|lsassmgr.exe|lsassmgr.exe|lsassmgr.exe|lsassmgr.exe|lsassmgr.exe|lsassmgr.exe|lsassmgr.exe|lsassmgr.exe|lsassmgr.exe|lsassmgr.exe|lsassmgr.exe|lsassmgr.exe|lsassmgr.exe|lsassmgr.exe|lsassmgr.exe|lsassmgr.exe|lsassmgr.exe|lsassmgr.exe|lsassmgr.exe|lsassmgr.exe|lsassmgr.exe|lsassmgr.exe|lsassmgr.exe|lsassmgr.exe|lsassmgr.exe|lsassmgr.exe|lsassmgr.exe|lsassmgr.exe|lsassmgr.exe|lsassmgr.exe|lsassmgr.exe|lsassmgr.exe|lsassmgr.exe|lsassmgr.exe|lsassmgr.exe|lsassmgr.exe|lsassmgr.exe|lsassmgr.exe|lsassmgr.exe|lsassmgr.exe|lsassmgr.exe|lsassmgr.exe|lsassmgr.exe|lsassmgr.exe|lsassmgr.exe|lsassmgr.exe|lsassmgr.exe|lsassmgr.exe|lsassmgr.exe|lsassmgr.exe|lsassmgr.exe|lsassmgr.exe|lsassmgr.exe|lsassmgr.exe|lsassmgr.exe|lsassmgr.exe|lsassmgr.exe|lsassmgr.exe|lsassmgr.exe|lsassmgr.exe|lsassmgr.exe|lsassmgr.exe|lsassmgr.exe|lsassmgr.exe|lsassmgr.exe|lsassmgr.exe|lsassmgr.exe|lsassmgr.exe|lsassmgr.exe|lsassmgr.exe|lsassmgr.exe|lsassmgr.exe|lsassmgr.exe|lsassmgr.exe|lsassmgr.exe|lsassmgr.exe|lsassmgr.exe|lsassmgr.exe|lsassmgr.exe|lsassmgr.exe|lsassmgr.exe|lsassmgr.exe|lsassmgr.exe|lsassmgr.exe|lsassmgr.exe|lsassmgr.exe|lsassmgr.exe|lsassmgr.exe|lsassmgr.exe|lsassmgr.exe,
2389a636e7e18f41d8b7e616d70febb551b9e3c35457bac0e76c966671c1780d,2,a9b444c9e5f588a783d467dcdc625807,749bceec29922b2f8cab2e79ad82fc5e6fcabf00,Dridex,15128328,EXE,www.blackievirus.com,wscript.exe|taskhost.exe,help2.vbs|xe2.ini|2389a636e7e18f41d8b7e616d70febb551b9e3c35457bac0e76c966671c1780d.exe2.exe
8ee4aaed2833e72b4c5a84841e2f753c2a8885fb54748bfbf95919ce2fdc23fc,1,dadf4a76e0eccd9621140f7a429a5eaa,8ad8cbba1a40d8629b29e2b2e48e6fe43e5acb54,,4145156,EXE,pastebin.com|ocsp.digicert.com,taskhost.exe,6bada8974a10c4bd62cc921d13e43b18_78d977680f0a854594ceee125bc2e56e|6bada8974a10c4bd62cc921d13e43b18_78d977680f0a854594ceee125bc2e56e
162029604e2ac440e44a54dc5e94ab53c4a0acb888519b51250323e27d05face,1,d82fded46411a6612ad2b62bba67d7d0,d903509497232688d4437822dfbb9a79f9848dbd,,358431,PDF document,,acrord32.exe|rdrcef.exe|rdrcef.exe|rdrcef.exe,data_1|visited links|a9rcyli4p_p75xo5_2cc.tmp|a9rrvdhx7_p75xo6_2cc.tmp|a9rvd87pk_p75xo7_2cc.tmp|a9rz2aqau_p75xo9_2cc.tmp
1eabc238f132b0d3ec39876950ed9832ef2e8cd9dcc77195a8c15f7291ed3ea6,0,5faf64184943ea88e9b21e8fc0393990,5769a17029decad5a97bb5761124b608d4aba71a,AgentTesla,1881088,EXE,,,ciglooplatformlauncherlog.txt
531349084ca917157a3012a08861b0a2860805e619c9c2d6125233b955fd22e8,2,dda98a96b6054dbca20e529072d8ed94,01eb70a3542dbf68daccd4366156e24b144f7630,,1308672,EXE,nexus.officeapps.live.com|officeclient.microsoft.com,ccd5.tmp|winword.exe|taskhost.exe,ccd5.tmp|~wrs{b48ee7ba-5b11-4900-8117-2eab04ba1d07}.tmp|{db78f2b9-4744-4e14-9858-a7ebc2d79b79} (0) - 2344 - winword.exe - otelemediumcost.dat|{db78f2b9-4744-4e14-9858-a7ebc2d79b79} (1) - 2344 - winword.exe - otelemediumcost.dat|{db78f2b9-4744-4e14-9858-a7ebc2d79b79} (0) - 2344 - winword.exe - otele.dat|{db78f2b9-4744-4e14-9858-a7ebc2d79b79} (1) - 2344 - winword.exe - otele.dat|afeaa570-57ac-4439-925d-53d2af88d9ca|{db78f2b9-4744-4e14-9858-a7ebc2d79b79} - oprocsessid.dat
c00880ce6b5981a8f88c657c3fb33de85a6282e6619936fcc3c16bf5d95b3fff,2,3a658b4ea21549eb85674edb4596e972,08ce6d56daebef055d140685f938896221f66567,,105386,EXE,,1622988481_w7x32_pafish.exe,pafish.log
68f733ecf1a83acb9c0e1e42840490ef8f8bd1f13fee59d68d1fa88ee25cf2e5,2,c5a199d54b8a2c368053a3dc731d91ce,b76436d99c2a0ed130306bff6febfdd6f3b10575,Dridex,36747584,EXE,www.blackievirus.com,wermgr.exe|wscript.exe|taskhost.exe,help2.vbs|xe2.ini|68f733ecf1a83acb9c0e1e42840490ef8f8bd1f13fee59d68d1fa88ee25cf2e5.exe2.exe
57b5739979a957a55110e290447aaf50a4e3d9180a0fb20671b1f5caef2d4575,0,e9e8d6255cc59af980c66257c96c90f6,72026dea02fde21ae2ac8ef6da168cf33fb91761,,15360,EXE,,taskhost.exe,
86c2a2fbae16e8e14f828c450bab229268ac5b9e1d74d7e29981a0c3bda0a942,0,624f0ce2d6a195410f21c7e6b08a4432,92f59997254ea12ce01832b2111d1e58228b98ed,,929576,EXE,,rundll32.exe|rundll32.exe,
6c44c5e6edbe40d68d7e32104c2156c59bacb6328aa1d77c08507062870f24fd,2,9ea8d58de8c190ac0ad33ac1f2d4a6e6,8d636de60d1851bbcedb68309d9a1ca07aa05bca,,105386,EXE,,1622940961_w7x32_pafish.exe,pafish.log
