indicator,type,risk,stamp_updated,stamp_seen,city,country,countrycode,org,reference
109.230.236.89,ip,high,"2021-04-24 01:35:58","2021-04-24 01:35:58",,Germany,DE,"active 1 GmbH",https://pulsedive.com/indicator/?iid=802
174.141.200.41,ip,high,"2021-03-29 01:42:12","2021-03-29 01:42:12",Array,"United States of America",US,Array,https://pulsedive.com/indicator/?iid=1848
185.104.120.4,ip,high,"2021-05-15 06:13:08","2021-05-15 06:13:08",Reading,"United Kingdom of Great Britain and Northern Ireland",GB,"Brass Horn Communications",https://pulsedive.com/indicator/?iid=2276
185.41.154.130,ip,high,"2021-05-25 04:25:43","2021-05-25 04:25:43",,France,FR,"Techcrea Solutions SAS",https://pulsedive.com/indicator/?iid=2420
193.106.166.105,ip,high,"2021-04-27 19:49:11","2021-04-27 19:49:11",Copenhagen,Denmark,DK,"Fiberby ApS",https://pulsedive.com/indicator/?iid=2782
198.167.223.38,ip,high,"2021-05-15 09:26:40","2021-05-15 09:26:40",Charlestown,Array,Array,Array,https://pulsedive.com/indicator/?iid=2937
213.167.242.183,ip,high,"2021-05-10 16:09:30","2021-05-10 16:09:30",,France,FR,"GANDI SAS",https://pulsedive.com/indicator/?iid=3343
37.247.49.139,ip,high,"2021-05-07 03:33:58","2021-05-07 03:33:58",Milan,Italy,IT,"Prometeus di Daniela Agro",https://pulsedive.com/indicator/?iid=3787
37.97.185.116,ip,high,"2021-05-26 02:47:58","2021-04-27 19:57:28",,Netherlands,NL,"Transip B.V.",https://pulsedive.com/indicator/?iid=3817
5.150.221.137,ip,high,"2021-03-27 23:43:28","2021-03-27 23:43:28",Tumba,Sweden,SE,"Bahnhof AB",https://pulsedive.com/indicator/?iid=4224
65.50.203.5,ip,high,"2021-05-26 02:48:35","2021-04-27 20:05:11",Array,"United States of America",US,Array,https://pulsedive.com/indicator/?iid=4822
81.0.226.3,ip,high,"2021-05-15 23:32:55","2021-05-15 23:32:55",,Czechia,CZ,"CASABLANCA INT a.s.",https://pulsedive.com/indicator/?iid=5452
82.161.210.87,ip,high,"2021-05-18 02:52:29","2021-05-18 02:52:29",Amsterdam,Netherlands,NL,"Xs4all Internet BV",https://pulsedive.com/indicator/?iid=5580
82.161.50.30,ip,high,"2021-05-26 02:48:44","2021-04-27 20:08:19",Amsterdam,Netherlands,NL,"Xs4all Internet BV",https://pulsedive.com/indicator/?iid=5583
87.118.110.113,ip,high,"2021-05-10 16:06:08","2021-05-10 16:06:08",,Germany,DE,"Keyweb AG",https://pulsedive.com/indicator/?iid=6023
109.70.4.246,ip,high,"2021-04-24 01:45:03","2021-04-24 01:45:03",,Netherlands,NL,"PCextreme B.V.",https://pulsedive.com/indicator/?iid=7031
185.16.44.132,ip,high,"2021-05-15 06:21:10","2021-05-15 06:21:10","La Madeleine",France,FR,"Planet Service SARL",https://pulsedive.com/indicator/?iid=7129
91.199.77.50,ip,high,"2021-05-16 03:59:36","2021-05-16 03:59:36",,Croatia,HR,"OMONIA d.o.o.",https://pulsedive.com/indicator/?iid=7231
141.105.126.87,ip,high,"2021-05-15 02:19:39","2021-05-15 02:19:39",,Netherlands,NL,"DirectVPS B.V.",https://pulsedive.com/indicator/?iid=7244
208.100.26.251,ip,high,"2021-05-15 10:44:50","2021-05-15 10:44:50",,"United States of America",US,STEADFAST,https://pulsedive.com/indicator/?iid=7957
184.105.192.2,ip,high,"2021-05-18 20:27:03","2021-05-18 20:27:03",,"United States of America",US,HURRICANE,https://pulsedive.com/indicator/?iid=7961
109.235.76.95,ip,high,"2021-03-19 20:56:53","2021-03-19 20:56:53","Sint Pancras",Netherlands,NL,"Cyso Group B.V.",https://pulsedive.com/indicator/?iid=9715
119.59.124.163,ip,high,"2021-05-15 00:34:05","2021-05-15 00:34:05",,Thailand,TH,"453 Ladplacout Jorakhaebua",https://pulsedive.com/indicator/?iid=9741
58.119.3.76,ip,high,"2021-05-26 02:59:20","2021-04-27 20:34:35",,Array,CN,"China Networks Inter-Exchange",https://pulsedive.com/indicator/?iid=13696
178.18.94.247,ip,high,"2021-05-26 02:45:50","2021-04-27 23:38:30",,Netherlands,NL,"Signet B.V.",https://pulsedive.com/indicator/?iid=22248
93.174.93.149,ip,high,"2021-05-18 18:12:04","2021-05-18 18:12:04",,"United Kingdom of Great Britain and Northern Ireland",GB,"IP Volume inc",https://pulsedive.com/indicator/?iid=30554
58.218.204.215,ip,high,"2021-05-15 17:57:52","2021-05-15 17:57:52",Beijing,Array,CN,Chinanet,https://pulsedive.com/indicator/?iid=31062
107.181.187.12,ip,high,"2021-03-19 20:36:52","2021-03-19 20:36:52",Array,"United States of America",US,Array,https://pulsedive.com/indicator/?iid=33863
185.27.134.216,ip,high,"2021-05-17 17:22:56","2021-05-17 17:22:56",,"United Kingdom of Great Britain and Northern Ireland",GB,"Wildcard UK Limited",https://pulsedive.com/indicator/?iid=34048
185.27.134.171,ip,high,"2021-04-30 22:43:07","2021-04-30 22:43:07",,"United Kingdom of Great Britain and Northern Ireland",GB,"Wildcard UK Limited",https://pulsedive.com/indicator/?iid=34145
217.146.69.1,ip,high,"2021-05-08 07:14:18","2021-05-08 07:14:18",,Estonia,EE,"Zone Media OU",https://pulsedive.com/indicator/?iid=34150
109.95.159.1,ip,high,"2021-03-19 20:59:20","2021-03-19 20:59:20",,Poland,PL,"dhosting.pl Sp. z o.o.",https://pulsedive.com/indicator/?iid=34584
177.70.106.248,ip,high,"2021-05-12 05:29:33","2021-05-12 05:29:33",,Brazil,BR,"Mandic S.A.",https://pulsedive.com/indicator/?iid=34710
58.158.177.102,ip,high,"2021-05-21 08:23:14","2021-05-21 08:23:14",Koto,Japan,JP,"ARTERIA Networks Corporation",https://pulsedive.com/indicator/?iid=35006
46.41.144.46,ip,high,"2021-05-11 12:42:37","2021-05-11 12:42:37",,Poland,PL,"home.pl S.A.",https://pulsedive.com/indicator/?iid=35205
117.17.10.10,ip,high,"2021-03-26 05:01:10","2021-03-26 05:01:10",,"Korea, The Republic of",KR,"LG DACOM Corporation",https://pulsedive.com/indicator/?iid=35230
74.220.199.6,ip,high,"2021-05-18 20:02:33","2021-05-18 20:02:33",,"United States of America",US,UNIFIEDLAYER-AS-1,https://pulsedive.com/indicator/?iid=35348
103.228.152.141,ip,high,"2021-04-24 01:43:47","2021-04-24 01:43:47",Bengaluru,India,IN,"Web Werks India Pvt. Ltd.",https://pulsedive.com/indicator/?iid=35781
103.15.62.21,ip,high,"2021-05-14 21:59:43","2021-05-14 21:59:43",Hyderabad,India,IN,"Apollo Online Services Pvt ltd",https://pulsedive.com/indicator/?iid=36323
104.167.9.200,ip,high,"2021-05-14 22:25:38","2021-05-14 22:25:38",,"United States of America",US,CLOUD-SOUTH,https://pulsedive.com/indicator/?iid=41285
103.55.61.53,ip,high,"2021-05-14 22:15:20","2021-05-14 22:15:20",Delhi,India,IN,"Ani Network Pvt Ltd",https://pulsedive.com/indicator/?iid=48475
117.240.14.27,ip,high,"2021-05-26 03:09:37","2021-04-27 20:50:00",,Array,IN,Array,https://pulsedive.com/indicator/?iid=48635
110.45.145.204,ip,high,"2021-03-19 21:07:18","2021-03-19 21:07:18",,"Korea, The Republic of",KR,"LG DACOM Corporation",https://pulsedive.com/indicator/?iid=56326
69.195.146.158,ip,high,"2021-05-26 02:48:38","2021-04-27 20:05:33",,"United States of America",US,JOESDATACENTER,https://pulsedive.com/indicator/?iid=75354
82.165.68.165,ip,high,"2021-05-26 02:48:49","2021-04-27 20:08:29",,Germany,DE,"1&1 Ionos Se",https://pulsedive.com/indicator/?iid=78488
103.234.68.113,ip,high,"2021-05-14 22:05:28","2021-05-14 22:05:28",,India,IN,"CtrlS Datacenters Ltd.",https://pulsedive.com/indicator/?iid=81935
115.249.139.206,ip,high,"2021-03-20 01:25:37","2021-03-20 01:25:37",,Array,IN,"Reliance Communications Ltd.DAKC MUMBAI",https://pulsedive.com/indicator/?iid=91870
112.78.1.74,ip,high,"2021-03-19 22:37:05","2021-03-19 22:37:05",,"Viet Nam",VN,"Online data services",https://pulsedive.com/indicator/?iid=103344
103.27.236.77,ip,high,"2021-05-09 10:57:42","2021-05-09 10:57:42",,"Viet Nam",VN,"Long Van System Solution JSC",https://pulsedive.com/indicator/?iid=103855
203.236.51.35,ip,high,"2021-05-18 11:11:31","2021-05-18 11:11:32",,"Korea, The Republic of",KR,"Korea Telecom",https://pulsedive.com/indicator/?iid=117804
60.174.192.240,ip,high,"2021-03-30 21:51:46","2021-03-30 21:51:46",Baoshan,China,CN,Chinanet,https://pulsedive.com/indicator/?iid=118078
113.8.194.3,ip,high,"2021-05-26 03:36:38","2021-03-19 23:37:25",Taoshan,China,CN,"CHINA UNICOM China169 Backbone",https://pulsedive.com/indicator/?iid=118425
123.138.199.66,ip,high,"2021-05-08 23:45:10","2021-05-08 23:45:10",Qianyou,China,CN,"CHINA UNICOM China169 Backbone",https://pulsedive.com/indicator/?iid=118799
113.214.255.37,ip,high,"2021-03-19 23:27:30","2021-03-19 23:27:30",,China,CN,Chinanet,https://pulsedive.com/indicator/?iid=118856
113.200.246.58,ip,high,"2021-03-19 23:21:11","2021-03-19 23:21:11",,China,CN,"CHINA UNICOM China169 Backbone",https://pulsedive.com/indicator/?iid=118966
183.102.114.251,ip,high,"2021-05-13 08:05:58","2021-05-13 08:05:58",Gangseo-gu,"Korea, The Republic of",KR,"Korea Telecom",https://pulsedive.com/indicator/?iid=119065
112.91.108.190,ip,high,"2021-03-19 22:39:05","2021-03-19 22:39:05",Huizhou,China,CN,"China Unicom IP network China169 Guangdong province",https://pulsedive.com/indicator/?iid=119284
96.57.82.166,ip,high,"2021-05-16 06:33:52","2021-05-16 06:33:52",Array,"United States of America",US,Array,https://pulsedive.com/indicator/?iid=120192
116.193.77.120,ip,high,"2021-03-20 09:59:54","2021-03-20 09:59:54",,"Viet Nam",VN,"Quang Trung Software City Development Company",https://pulsedive.com/indicator/?iid=120337
115.84.92.3,ip,high,"2021-03-20 05:31:16","2021-03-20 05:31:16",Sainyabuli,Array,LA,"Lao Telecom Communication, LTC",https://pulsedive.com/indicator/?iid=120640
109.232.108.62,ip,high,"2021-03-19 20:54:26","2021-03-19 20:54:26",Moscow,"Russian Federation",RU,"Thyphone Communications LLC",https://pulsedive.com/indicator/?iid=120677
78.110.50.106,ip,high,"2021-05-09 10:00:38","2021-05-09 10:00:38",Moscow,"Russian Federation",RU,"ZAO Hosting Telesystems",https://pulsedive.com/indicator/?iid=123364
1.9.16.165,ip,high,"2021-05-14 21:44:59","2021-05-14 21:44:59","Petaling Jaya",Array,MY,Array,https://pulsedive.com/indicator/?iid=126719
1.235.120.19,ip,high,"2021-05-14 21:37:05","2021-05-14 21:37:05",Jung-ang,"Korea, The Republic of",KR,"SK Broadband Co Ltd",https://pulsedive.com/indicator/?iid=126884
37.29.110.58,ip,high,"2021-03-30 17:36:52","2021-03-30 17:36:52",,"Russian Federation",RU,"PJSC MegaFon",https://pulsedive.com/indicator/?iid=128674
101.0.67.44,ip,high,"2021-05-14 21:48:06","2021-05-14 21:48:06",Gordon,Array,AU,"Hostopia Australia Web Pty Ltd",https://pulsedive.com/indicator/?iid=135432
103.37.200.189,ip,high,"2021-05-14 22:10:01","2021-05-14 22:10:01",Roorkee,Array,IN,Array,https://pulsedive.com/indicator/?iid=135566
103.41.124.14,ip,high,"2021-03-19 18:53:34","2021-03-19 18:53:34",,Array,HK,,https://pulsedive.com/indicator/?iid=135570
103.41.124.125,ip,high,"2021-05-14 22:11:17","2021-05-14 22:11:17",,Array,HK,,https://pulsedive.com/indicator/?iid=135651
103.41.124.126,ip,high,"2021-05-14 22:11:18","2021-05-14 22:11:18",,Array,HK,,https://pulsedive.com/indicator/?iid=135652
103.41.125.45,ip,high,"2021-05-14 22:12:43","2021-05-14 22:12:43",,Array,HK,,https://pulsedive.com/indicator/?iid=135744
103.41.125.64,ip,high,"2021-05-14 22:12:55","2021-05-14 22:12:55",,Array,HK,,https://pulsedive.com/indicator/?iid=135761
103.49.249.2,ip,high,"2021-05-14 22:14:04","2021-05-14 22:14:04",,"Hong Kong",HK,"POWER LINE DATACENTER",https://pulsedive.com/indicator/?iid=135779
103.243.107.103,ip,high,"2021-05-14 22:06:51","2021-05-14 22:06:51",,"Viet Nam",VN,"Cloudovs Vietnam Technology Joint Stock Company",https://pulsedive.com/indicator/?iid=135937
113.200.214.18,ip,high,"2021-02-27 06:21:16","2021-02-27 06:21:16",Xi'an,China,CN,"CHINA UNICOM China169 Backbone",https://pulsedive.com/indicator/?iid=137258
115.248.223.206,ip,high,"2021-03-20 01:25:34","2021-03-20 01:25:34",,Array,IN,Array,https://pulsedive.com/indicator/?iid=137792
182.72.162.2,ip,high,"2021-05-15 05:58:10","2021-05-15 05:58:10",Coimbatore,Array,IN,"BHARTI Airtel Ltd.",https://pulsedive.com/indicator/?iid=143569
185.165.29.49,ip,high,"2021-05-15 06:22:10","2021-05-15 06:22:10",,"Iran (Islamic Republic of)",IR,,https://pulsedive.com/indicator/?iid=144269
190.34.151.109,ip,high,"2021-04-29 02:42:29","2021-04-29 02:42:29","Panama City",Panama,PA,"Cable & Wireless Panama",https://pulsedive.com/indicator/?iid=145323
190.151.100.10,ip,high,"2021-04-29 01:46:50","2021-04-29 01:46:50",Santiago,Chile,CL,"ENTEL CHILE S.A.",https://pulsedive.com/indicator/?iid=145557
200.216.31.148,ip,high,"2021-04-29 02:48:53","2021-04-29 02:48:53",,Brazil,BR,"Telemar Norte Leste S.A.",https://pulsedive.com/indicator/?iid=146840
220.191.237.75,ip,high,"2021-03-25 03:38:06","2021-03-25 03:38:06",Hangzhou,China,CN,Chinanet,https://pulsedive.com/indicator/?iid=149100
221.229.160.237,ip,high,"2021-05-15 12:17:32","2021-05-15 12:17:33",Shanghai,China,CN,Chinanet,https://pulsedive.com/indicator/?iid=149269
208.97.148.236,ip,high,"2021-05-15 10:47:21","2021-05-15 10:47:21",,"United States of America",US,Array,https://pulsedive.com/indicator/?iid=157754
200.42.176.235,ip,high,"2021-05-01 05:09:29","2021-05-01 05:09:29",Santiago,Chile,CL,"Telefonica Empresas",https://pulsedive.com/indicator/?iid=173988
109.95.157.167,ip,high,"2021-05-12 05:22:31","2021-05-12 05:22:31",,Poland,PL,"dhosting.pl Sp. z o.o.",https://pulsedive.com/indicator/?iid=175211
103.92.25.162,ip,high,"2021-05-14 22:20:24","2021-05-14 22:20:24",,"Viet Nam",VN,"8 Floor, 96-98 Dao Duy Anh, Phu Nhuan, HCMC",https://pulsedive.com/indicator/?iid=180218
103.57.134.137,ip,high,"2021-04-18 22:17:46","2021-04-18 22:17:46",Warangal,India,IN,"HIREACH BROADBAND PRIVATE LTD",https://pulsedive.com/indicator/?iid=191772
197.243.32.204,ip,high,"2021-05-15 09:22:13","2021-05-15 09:22:13",Kigali,Rwanda,RW,Olleh-Rwanda-Networks,https://pulsedive.com/indicator/?iid=191789
174.136.26.136,ip,high,"2021-05-08 16:25:52","2021-05-08 16:25:52",,"United States of America",US,AS-TIERP-36024,https://pulsedive.com/indicator/?iid=192709
58.246.5.122,ip,high,"2021-03-15 12:46:35","2021-03-15 12:46:36",Shanghai,Array,CN,"China Unicom Shanghai network",https://pulsedive.com/indicator/?iid=195482
220.249.48.242,ip,high,"2021-04-29 02:56:52","2021-04-29 02:56:52",Beijing,China,CN,"China Unicom Beijing Province Network",https://pulsedive.com/indicator/?iid=203298
185.129.193.221,ip,high,"2021-04-18 22:18:19","2021-04-18 22:18:19",,Kazakhstan,KZ,"Kcell JSC",https://pulsedive.com/indicator/?iid=223607
103.9.227.20,ip,high,"2021-05-14 22:19:39","2021-05-14 22:19:39",,Indonesia,ID,"DISKOMINFO PROV. JAWA TENGAH",https://pulsedive.com/indicator/?iid=229649
185.182.56.84,ip,high,"2021-05-18 20:25:27","2021-05-18 20:25:27",,Netherlands,NL,"PCextreme B.V.",https://pulsedive.com/indicator/?iid=232074
125.253.124.92,ip,high,"2021-05-12 05:55:29","2021-05-12 05:55:29",,"Viet Nam",VN,"Online data services",https://pulsedive.com/indicator/?iid=233656
112.78.10.143,ip,high,"2021-05-17 09:09:08","2021-05-17 09:09:08",,"Viet Nam",VN,"Online data services",https://pulsedive.com/indicator/?iid=234322
176.28.103.205,ip,high,"2021-05-12 08:40:18","2021-05-12 08:40:18",Madrid,Spain,ES,"acens Technologies, S.L.",https://pulsedive.com/indicator/?iid=235566
112.217.110.130,ip,high,"2021-03-19 21:47:57","2021-03-19 21:47:57",Seoul,"Korea, The Republic of",KR,"LG DACOM Corporation",https://pulsedive.com/indicator/?iid=239948
103.228.2.2,ip,high,"2021-05-14 22:03:47","2021-05-14 22:03:47",Dhaka,Bangladesh,BD,"Mynet Limited",https://pulsedive.com/indicator/?iid=241688
